requirement_id,requirement_title,criticality,criterion_id,kind,statement,evidence_hint,source_basis,in_force_note,drafter_confidence,decision,edited_statement,reviewer_note
NIST.GV.OC.01,Organizational mission understanding,high,NIST.GV.OC.01.TC1,design,A written statement of the organisation's mission (or equivalent vision or purpose statement) exists and is approved by leadership.,risk_management_strategy; mission/vision statement,NIST CSF 2.0 GV.OC-01; CSF 2.0 IE GV.OC-01 Ex1,,medium,,,
NIST.GV.OC.01,Organizational mission understanding,high,NIST.GV.OC.01.TC2,design,The cybersecurity risk management strategy or risk methodology explicitly ties risk priorities to the mission or to the business services that deliver it.,risk_management_strategy,NIST CSF 2.0 GV.OC-01,,high,,,
NIST.GV.OC.01,Organizational mission understanding,high,NIST.GV.OC.01.TC3,operating,At least one risk assessment or prioritisation decision made in the period records which mission objective or business service the risk affects.,risk_assessment (risk register extract),NIST CSF 2.0 GV.OC-01,,medium,,,
NIST.GV.OC.02,Internal and external stakeholders,medium,NIST.GV.OC.02.TC1,design,"A record names the internal stakeholders relevant to cybersecurity (e.g. board, executives, staff) and states each group's cybersecurity expectations.",legal_register; risk_management_strategy (stakeholder analysis),NIST CSF 2.0 GV.OC-02; CSF 2.0 IE GV.OC-02 Ex1,,high,,,
NIST.GV.OC.02,Internal and external stakeholders,medium,NIST.GV.OC.02.TC2,design,"A record names the external stakeholders relevant to cybersecurity (e.g. customers, regulators, partners) and states each group's cybersecurity or privacy expectations.",legal_register; risk_management_strategy (stakeholder analysis),NIST CSF 2.0 GV.OC-02; CSF 2.0 IE GV.OC-02 Ex2,,high,,,
NIST.GV.OC.02,Internal and external stakeholders,medium,NIST.GV.OC.02.TC3,operating,"There is dated evidence that a stakeholder expectation was taken into account in a strategy, policy or risk decision in the period (e.g. a customer security requirement reflected in a policy change).",leadership_oversight (minutes); security_policy change log,"NIST CSF 2.0 GV.OC-02 [minor repo wording variance: repo 'determined ... understood', CSF 2.0 'understood ... and considered']",,medium,,,
NIST.GV.OC.03,Legal and regulatory requirements,critical,NIST.GV.OC.03.TC1,design,"A register lists the legal, regulatory and contractual cybersecurity requirements that apply to the organisation, including privacy obligations.",legal_register,NIST CSF 2.0 GV.OC-03,,high,,,
NIST.GV.OC.03,Legal and regulatory requirements,critical,NIST.GV.OC.03.TC2,design,Each register entry has a named owner and shows how the requirement is met (e.g. mapped to a policy or control).,legal_register,"NIST CSF 2.0 GV.OC-03 ('managed'); CSF 2.0 IE GV.OC-03 Ex1, Ex2",,medium,,,
NIST.GV.OC.03,Legal and regulatory requirements,critical,NIST.GV.OC.03.TC3,design,"A defined process identifies new or changed requirements (e.g. regulatory monitoring, contract review) and feeds them into the register.",legal_register (maintenance procedure),"NIST CSF 2.0 GV.OC-03; CSF 2.0 IE GV.OC-03 Ex1, Ex2",,medium,,,
NIST.GV.OC.03,Legal and regulatory requirements,critical,NIST.GV.OC.03.TC4,operating,"The register shows a dated review or update within the review interval the organisation set, or within the last 12 months if none is set.",legal_register (version history),NIST CSF 2.0 GV.OC-03; practice (review interval),,medium,,,
NIST.GV.OC.04,Critical objectives and dependencies,high,NIST.GV.OC.04.TC1,design,"A document identifies which of the organisation's capabilities and services customers or other external stakeholders depend on, and marks which are critical.",risk_management_strategy; business_continuity (business impact analysis),"NIST CSF 2.0 GV.OC-04 [minor repo wording variance: repo 'stakeholders ... determined', CSF 2.0 'external stakeholders ... understood']",,high,,,
NIST.GV.OC.04,Critical objectives and dependencies,high,NIST.GV.OC.04.TC2,design,Written criteria define how the criticality of a capability or service is decided.,business_continuity (BIA method),NIST CSF 2.0 GV.OC-04; CSF 2.0 IE GV.OC-04 Ex1,,medium,,,
NIST.GV.OC.04,Critical objectives and dependencies,high,NIST.GV.OC.04.TC3,design,Resilience objectives (e.g. recovery time and recovery point objectives) are set for each critical service.,business_continuity,NIST CSF 2.0 GV.OC-04; CSF 2.0 IE GV.OC-04 Ex3,,medium,,,
NIST.GV.OC.04,Critical objectives and dependencies,high,NIST.GV.OC.04.TC4,operating,"The critical services or their resilience objectives have been communicated to the parties who rely on or deliver them (e.g. in SLAs, customer agreements or a distributed continuity plan).",business_continuity (distribution record); supplier_security (SLAs),NIST CSF 2.0 GV.OC-04 ('communicated'),,high,,,
NIST.GV.OC.05,Organizational dependencies,medium,NIST.GV.OC.05.TC1,design,"An inventory records the external resources the organisation depends on (e.g. cloud hosting, facilities, key SaaS providers) and the business functions each supports.",risk_management_strategy; supplier_security (dependency list),NIST CSF 2.0 GV.OC-05; CSF 2.0 IE GV.OC-05 Ex1,,high,,,
NIST.GV.OC.05,Organizational dependencies,medium,NIST.GV.OC.05.TC2,design,External dependencies that are single points of failure for critical services are identified in writing.,business_continuity; risk_assessment,NIST CSF 2.0 GV.OC-05; CSF 2.0 IE GV.OC-05 Ex2,,medium,,,
NIST.GV.OC.05,Organizational dependencies,medium,NIST.GV.OC.05.TC3,operating,The dependency information has been shared with the people responsible for continuity or risk (e.g. referenced in the continuity plan or risk register).,business_continuity; risk_assessment,NIST CSF 2.0 GV.OC-05 ('communicated'),,high,,,
NIST.GV.OC.05,Organizational dependencies,medium,NIST.GV.OC.05.TC4,design,Dependencies are ranked by their importance to the organisation's critical services.,risk_management_strategy,"[repo says 'determined and prioritized'; CSF 2.0 GV.OC-05 says 'understood and communicated', so prioritisation is not in the outcome]",,low,,,
NIST.GV.RM.01,Risk management objectives,critical,NIST.GV.RM.01.TC1,design,Documented cybersecurity risk management objectives exist.,risk_management_strategy,NIST CSF 2.0 GV.RM-01,,high,,,
NIST.GV.RM.01,Risk management objectives,critical,NIST.GV.RM.01.TC2,design,"Each objective has a measure, target or success condition.",risk_management_strategy,NIST CSF 2.0 GV.RM-01; CSF 2.0 IE GV.RM-01 Ex2,,medium,,,
NIST.GV.RM.01,Risk management objectives,critical,NIST.GV.RM.01.TC3,operating,Minutes or sign-off records show the objectives were agreed by senior stakeholders.,leadership_oversight; risk_management_strategy (approval page),NIST CSF 2.0 GV.RM-01 ('agreed to'),,high,,,
NIST.GV.RM.01,Risk management objectives,critical,NIST.GV.RM.01.TC4,operating,The objectives were reviewed or updated in the latest annual planning cycle or after the latest major organisational change.,risk_management_strategy (version history); leadership_oversight,NIST CSF 2.0 GV.RM-01; CSF 2.0 IE GV.RM-01 Ex1,,medium,,,
NIST.GV.RM.02,Risk appetite and tolerance,high,NIST.GV.RM.02.TC1,design,A cybersecurity risk appetite statement exists and is approved by leadership.,risk_management_strategy,NIST CSF 2.0 GV.RM-02; CSF 2.0 IE GV.RM-02 Ex1,,high,,,
NIST.GV.RM.02,Risk appetite and tolerance,high,NIST.GV.RM.02.TC2,design,"Risk tolerance statements turn the appetite into measurable limits (e.g. maximum acceptable downtime, highest acceptable residual risk rating).",risk_management_strategy,NIST CSF 2.0 GV.RM-02; CSF 2.0 IE GV.RM-02 Ex2,,medium,,,
NIST.GV.RM.02,Risk appetite and tolerance,high,NIST.GV.RM.02.TC3,operating,The appetite and tolerance statements have been communicated to risk owners (e.g. included in the risk procedure or risk training they received).,risk_management_strategy; training_records,NIST CSF 2.0 GV.RM-02 ('communicated'),,high,,,
NIST.GV.RM.02,Risk appetite and tolerance,high,NIST.GV.RM.02.TC4,operating,The statements carry a dated review within the organisation's review cycle.,risk_management_strategy (version history),NIST CSF 2.0 GV.RM-02 ('maintained'); CSF 2.0 IE GV.RM-02 Ex3,,high,,,
NIST.GV.RM.03,Risk management activities,high,NIST.GV.RM.03.TC1,design,"The enterprise risk management process or register includes cybersecurity risks alongside other enterprise risks (financial, operational, compliance).",risk_assessment; risk_management_strategy,NIST CSF 2.0 GV.RM-03; CSF 2.0 IE GV.RM-03 Ex1,,high,,,
NIST.GV.RM.03,Risk management activities,high,NIST.GV.RM.03.TC2,design,Written criteria say when a cybersecurity risk is escalated into enterprise risk management.,risk_management_strategy,NIST CSF 2.0 GV.RM-03; CSF 2.0 IE GV.RM-03 Ex3,,medium,,,
NIST.GV.RM.03,Risk management activities,high,NIST.GV.RM.03.TC3,operating,The latest enterprise risk report to leadership in the period includes cybersecurity risks.,leadership_oversight,NIST CSF 2.0 GV.RM-03,,high,,,
NIST.GV.RM.04,Strategic risk direction,medium,NIST.GV.RM.04.TC1,design,"The risk strategy lists the available risk response options (accept, mitigate, transfer, avoid) and says when each is appropriate.",risk_management_strategy,NIST CSF 2.0 GV.RM-04,,high,,,
NIST.GV.RM.04,Strategic risk direction,medium,NIST.GV.RM.04.TC2,design,"Criteria for accepting or avoiding risk are set, e.g. by data classification.",risk_management_strategy,NIST CSF 2.0 GV.RM-04; CSF 2.0 IE GV.RM-04 Ex1,,medium,,,
NIST.GV.RM.04,Strategic risk direction,medium,NIST.GV.RM.04.TC3,design,"The conditions under which shared-responsibility arrangements (outsourcing, public cloud) are acceptable are documented.",risk_management_strategy; supplier_security,NIST CSF 2.0 GV.RM-04; CSF 2.0 IE GV.RM-04 Ex3,,medium,,,
NIST.GV.RM.04,Strategic risk direction,medium,NIST.GV.RM.04.TC4,operating,"The risk response direction has been communicated to the people who make risk decisions (e.g. distributed risk procedure, briefing record).",risk_management_strategy (distribution record),NIST CSF 2.0 GV.RM-04 ('communicated'),,high,,,
NIST.GV.RR.01,Organizational leadership responsibility,critical,NIST.GV.RR.01.TC1,design,"A named senior leader or body (e.g. board, executive committee) is formally accountable for cybersecurity risk in a charter, terms of reference or policy.",roles_responsibilities; security_policy,NIST CSF 2.0 GV.RR-01; CSF 2.0 IE GV.RR-01 Ex1,,high,,,
NIST.GV.RR.01,Organizational leadership responsibility,critical,NIST.GV.RR.01.TC2,operating,Minutes or reports show that leadership reviewed cybersecurity risk at least once in the period.,leadership_oversight,NIST CSF 2.0 GV.RR-01; practice (frequency),,medium,,,
NIST.GV.RR.01,Organizational leadership responsibility,critical,NIST.GV.RR.01.TC3,operating,"Leadership communicated expectations for a security-aware and ethical culture in the period (e.g. staff message, policy foreword, all-hands briefing).",leadership_oversight; training_records,"NIST CSF 2.0 GV.RR-01; CSF 2.0 IE GV.RR-01 Ex2 [repo says 'culture of cybersecurity risk awareness'; CSF 2.0 says 'risk-aware, ethical, and continually improving'; this criterion tests the CSF 2.0 wording]",,low,,,
NIST.GV.RR.02,Cybersecurity roles and responsibilities,high,NIST.GV.RR.02.TC1,design,"Cybersecurity risk management roles, responsibilities and authorities are documented (e.g. in policy or a RACI).",roles_responsibilities,"NIST CSF 2.0 GV.RR-02; CSF 2.0 IE GV.RR-02 Ex1, Ex2",,high,,,
NIST.GV.RR.02,Cybersecurity roles and responsibilities,high,NIST.GV.RR.02.TC2,design,Job descriptions for roles with security duties state those duties.,roles_responsibilities; hr_security,NIST CSF 2.0 GV.RR-02; CSF 2.0 IE GV.RR-02 Ex3,,medium,,,
NIST.GV.RR.02,Cybersecurity roles and responsibilities,high,NIST.GV.RR.02.TC3,operating,"Role holders have been told of their security roles (e.g. appointment letters, signed acknowledgements).",roles_responsibilities,"NIST CSF 2.0 GV.RR-02 ('communicated, understood')",,high,,,
NIST.GV.RR.02,Cybersecurity roles and responsibilities,high,NIST.GV.RR.02.TC4,operating,"Security duties are enforced: role holders have security performance goals, or records show follow-up when duties were not met.",roles_responsibilities; hr_security,NIST CSF 2.0 GV.RR-02 ('enforced'); CSF 2.0 IE GV.RR-02 Ex4,,medium,,,
NIST.GV.RR.03,Adequate resourcing,high,NIST.GV.RR.03.TC1,design,A cybersecurity budget or resourcing plan exists and links its allocations to the priorities in the risk strategy.,roles_responsibilities; risk_management_strategy,NIST CSF 2.0 GV.RR-03; CSF 2.0 IE GV.RR-03 Ex2,,high,,,
NIST.GV.RR.03,Adequate resourcing,high,NIST.GV.RR.03.TC2,operating,Leadership approved the cybersecurity budget or headcount for the current period.,leadership_oversight,NIST CSF 2.0 GV.RR-03 ('allocated'),,medium,,,
NIST.GV.RR.03,Adequate resourcing,high,NIST.GV.RR.03.TC3,operating,"A management review in the period checked whether people with security responsibilities have the resources and authority they need, and recorded the result.",leadership_oversight,NIST CSF 2.0 GV.RR-03; CSF 2.0 IE GV.RR-03 Ex1,,medium,,,
NIST.GV.RR.04,Cybersecurity in HR practices,medium,NIST.GV.RR.04.TC1,design,"HR procedures include security steps at screening, onboarding, role change and offboarding.",hr_security,NIST CSF 2.0 GV.RR-04; CSF 2.0 IE GV.RR-04 Ex1,,high,,,
NIST.GV.RR.04,Cybersecurity in HR practices,medium,NIST.GV.RR.04.TC2,design,Background checks are required before someone is hired into a role the organisation defines as sensitive.,hr_security,NIST CSF 2.0 GV.RR-04; CSF 2.0 IE GV.RR-04 Ex3; SP 800-53r5 PS-3,,medium,,,
NIST.GV.RR.04,Cybersecurity in HR practices,medium,NIST.GV.RR.04.TC3,design,Employment terms or a signed acknowledgement oblige personnel to follow security policies.,hr_security,NIST CSF 2.0 GV.RR-04; CSF 2.0 IE GV.RR-04 Ex4,,medium,,,
NIST.GV.RR.04,Cybersecurity in HR practices,medium,NIST.GV.RR.04.TC4,operating,"For a sample of joiners and leavers in the period, the defined HR security steps (screening, policy acknowledgement, access removal) were completed.",hr_security (joiner/leaver records); access_control_policy,NIST CSF 2.0 GV.RR-04,,high,,,
NIST.GV.PO.01,Cybersecurity policy,critical,NIST.GV.PO.01.TC1,design,A documented policy for managing cybersecurity risk exists.,security_policy,NIST CSF 2.0 GV.PO-01,,high,,,
NIST.GV.PO.01,Cybersecurity policy,critical,NIST.GV.PO.01.TC2,design,The policy is approved by senior management.,security_policy (approval page),NIST CSF 2.0 GV.PO-01; CSF 2.0 IE GV.PO-01 Ex3,,medium,,,
NIST.GV.PO.01,Cybersecurity policy,critical,NIST.GV.PO.01.TC3,design,"The policy refers to the organisation's context, strategy or priorities (e.g. cites the risk strategy, applicable laws or critical services).",security_policy,NIST CSF 2.0 GV.PO-01,,high,,,
NIST.GV.PO.01,Cybersecurity policy,critical,NIST.GV.PO.01.TC4,operating,Records show the policy was communicated to personnel (e.g. distribution list or acknowledgement records).,security_policy; training_records,"NIST CSF 2.0 GV.PO-01 ('communicated'); CSF 2.0 IE GV.PO-01 Ex4, Ex5",,high,,,
NIST.GV.PO.01,Cybersecurity policy,critical,NIST.GV.PO.01.TC5,operating,Policy exceptions and violations in the period are recorded with how each was handled.,security_policy (exception register); hr_security (disciplinary process),NIST CSF 2.0 GV.PO-01 ('enforced'),,high,,,
NIST.GV.PO.02,Policy review and update,high,NIST.GV.PO.02.TC1,design,"The policy states a review frequency and names events that trigger an early review (changes in threats, technology, law or mission).",security_policy,NIST CSF 2.0 GV.PO-02; CSF 2.0 IE GV.PO-02 Ex2,,high,,,
NIST.GV.PO.02,Policy review and update,high,NIST.GV.PO.02.TC2,operating,"The policy shows a dated review within its stated frequency, or within the last 12 months if none is stated.",security_policy (version history),NIST CSF 2.0 GV.PO-02 ('reviewed'); practice (default interval),,medium,,,
NIST.GV.PO.02,Policy review and update,high,NIST.GV.PO.02.TC3,operating,"The latest review record names the change in requirements, threats, technology or business that drove each update, or states that no update was needed.",security_policy (change log),"NIST CSF 2.0 GV.PO-02; CSF 2.0 IE GV.PO-02 Ex3, Ex4",,medium,,,
NIST.GV.PO.02,Policy review and update,high,NIST.GV.PO.02.TC4,operating,Updated policy versions were re-communicated to personnel (distribution or re-acknowledgement records).,security_policy; training_records,NIST CSF 2.0 GV.PO-02 ('communicated'),,high,,,
NIST.GV.OV.01,Risk management strategy review,high,NIST.GV.OV.01.TC1,design,A defined process has leadership review the results of the cybersecurity risk strategy (e.g. an annual strategy review in the committee's terms of reference).,leadership_oversight,NIST CSF 2.0 GV.OV-01,,high,,,
NIST.GV.OV.01,Risk management strategy review,high,NIST.GV.OV.01.TC2,operating,Records show a review of strategy outcomes (e.g. objectives met or missed) took place in the period.,leadership_oversight,NIST CSF 2.0 GV.OV-01; CSF 2.0 IE GV.OV-01 Ex1,,high,,,
NIST.GV.OV.01,Risk management strategy review,high,NIST.GV.OV.01.TC3,operating,The review produced a recorded decision to adjust or to confirm the strategy and direction.,leadership_oversight (minutes),NIST CSF 2.0 GV.OV-01 ('inform and adjust'),,high,,,
NIST.GV.OV.02,Risk strategy coverage review,medium,NIST.GV.OV.02.TC1,design,The strategy review process requires checking that the strategy still covers the organisation's current requirements and risks.,leadership_oversight; risk_management_strategy,NIST CSF 2.0 GV.OV-02 [repo title 'Risk management performance' does not match; the repo description does],,high,,,
NIST.GV.OV.02,Risk strategy coverage review,medium,NIST.GV.OV.02.TC2,operating,A review in the period compared the strategy with current requirements and risks and recorded the resulting adjustments or a confirmation that none were needed.,leadership_oversight,NIST CSF 2.0 GV.OV-02,,high,,,
NIST.GV.OV.02,Risk strategy coverage review,medium,NIST.GV.OV.02.TC3,operating,Audit findings and significant incidents from the period were considered in that review.,leadership_oversight; incident_log,"NIST CSF 2.0 GV.OV-02; CSF 2.0 IE GV.OV-02 Ex1, Ex3",,medium,,,
NIST.GV.OV.03,Risk management performance evaluation,medium,NIST.GV.OV.03.TC1,design,Performance or risk indicators for cybersecurity risk management are defined (KPIs or KRIs).,leadership_oversight; risk_management_strategy,"NIST CSF 2.0 GV.OV-03; CSF 2.0 IE GV.OV-03 Ex1, Ex2",,medium,,,
NIST.GV.OV.03,Risk management performance evaluation,medium,NIST.GV.OV.03.TC2,operating,Metrics on cybersecurity risk management performance were reported to senior leadership in the period.,leadership_oversight,NIST CSF 2.0 GV.OV-03 ('evaluated and reviewed'); CSF 2.0 IE GV.OV-03 Ex3,,high,,,
NIST.GV.OV.03,Risk management performance evaluation,medium,NIST.GV.OV.03.TC3,operating,"The performance review records the adjustments needed, each with an owner, or states that none are needed.","leadership_oversight (minutes, action log)",NIST CSF 2.0 GV.OV-03,,high,,,
NIST.GV.OV.03,Risk management performance evaluation,medium,NIST.GV.OV.03.TC4,operating,Improvements to risk management made in the period trace back to a lessons-learned review or an assessment.,leadership_oversight; exercise_records,[repo says 'improved based on lessons learned and assessments'; CSF 2.0 GV.OV-03 is 'performance is evaluated and reviewed for adjustments needed'; lessons-learned improvement sits in ID.IM],,low,,,
NIST.GV.SC.01,Supply chain risk management program,high,NIST.GV.SC.01.TC1,design,A supplier (supply chain) cybersecurity risk management policy or programme document exists and states its objectives.,supplier_security,"NIST CSF 2.0 GV.SC-01; CSF 2.0 IE GV.SC-01 Ex1, Ex2",,high,,,
NIST.GV.SC.01,Supply chain risk management program,high,NIST.GV.SC.01.TC2,design,"Documented processes cover supplier security through the relationship: selection, contracting, monitoring and exit.",supplier_security,NIST CSF 2.0 GV.SC-01 ('processes'); CSF 2.0 IE GV.SC-01 Ex3; SP 800-53r5 SR-2,,medium,,,
NIST.GV.SC.01,Supply chain risk management program,high,NIST.GV.SC.01.TC3,operating,"Records show the programme or strategy was agreed by the relevant stakeholders (e.g. approval by leadership, procurement and legal).",supplier_security (approval record); leadership_oversight,NIST CSF 2.0 GV.SC-01 ('agreed to'),,high,,,
NIST.GV.SC.02,Supply chain roles and responsibilities,high,NIST.GV.SC.02.TC1,design,The internal role(s) accountable for supplier cybersecurity risk are named.,supplier_security; roles_responsibilities,NIST CSF 2.0 GV.SC-02; CSF 2.0 IE GV.SC-02 Ex1,,high,,,
NIST.GV.SC.02,Supply chain roles and responsibilities,high,NIST.GV.SC.02.TC2,design,"Cybersecurity responsibilities of suppliers, customers and partners are documented (e.g. shared-responsibility matrix or contract clauses).",supplier_security,NIST CSF 2.0 GV.SC-02; CSF 2.0 IE GV.SC-02 Ex6,,high,,,
NIST.GV.SC.02,Supply chain roles and responsibilities,high,NIST.GV.SC.02.TC3,operating,"Those third-party responsibilities have been communicated to the third parties (e.g. signed agreements, supplier onboarding pack).",supplier_security (sample agreements),NIST CSF 2.0 GV.SC-02 ('communicated ... externally'),,high,,,
NIST.GV.SC.02,Supply chain roles and responsibilities,high,NIST.GV.SC.02.TC4,design,Rules for sharing and reporting security information between the organisation and its suppliers are defined.,supplier_security,NIST CSF 2.0 GV.SC-02; CSF 2.0 IE GV.SC-02 Ex8,,medium,,,
NIST.GV.SC.03,Supply chain integration,medium,NIST.GV.SC.03.TC1,design,Supplier cybersecurity risks are recorded in the same risk register or ERM process as other cybersecurity risks.,risk_assessment; supplier_security,NIST CSF 2.0 GV.SC-03,,high,,,
NIST.GV.SC.03,Supply chain integration,medium,NIST.GV.SC.03.TC2,design,The risk assessment method explicitly covers supplier and supply chain risks.,risk_assessment (methodology),NIST CSF 2.0 GV.SC-03 ('risk assessment'),,high,,,
NIST.GV.SC.03,Supply chain integration,medium,NIST.GV.SC.03.TC3,operating,Material supply chain risks were escalated to senior management or appear in enterprise risk reporting in the period.,leadership_oversight,NIST CSF 2.0 GV.SC-03; CSF 2.0 IE GV.SC-03 Ex4,,medium,,,
NIST.GV.SC.04,Supplier criticality prioritization,high,NIST.GV.SC.04.TC1,design,"Written criteria define supplier criticality (e.g. sensitivity of data handled, access to systems, importance of the service).",supplier_security,NIST CSF 2.0 GV.SC-04; CSF 2.0 IE GV.SC-04 Ex1,,high,,,
NIST.GV.SC.04,Supplier criticality prioritization,high,NIST.GV.SC.04.TC2,design,A register lists the organisation's suppliers.,supplier_security (supplier register),NIST CSF 2.0 GV.SC-04 ('known'); CSF 2.0 IE GV.SC-04 Ex2,,high,,,
NIST.GV.SC.04,Supplier criticality prioritization,high,NIST.GV.SC.04.TC3,operating,Each supplier in the register (or a sample) has a criticality rating assigned under the criteria.,supplier_security (supplier register),NIST CSF 2.0 GV.SC-04 ('prioritized by criticality'),,high,,,
NIST.GV.SC.04,Supplier criticality prioritization,high,NIST.GV.SC.04.TC4,operating,A sample of suppliers taken from procurement or accounts-payable records all appear in the supplier register.,supplier_security; procurement/AP extract,NIST CSF 2.0 GV.SC-04; practice (completeness test),,medium,,,
NIST.GV.SC.05,Supply chain requirements in contracts,high,NIST.GV.SC.05.TC1,design,Cybersecurity requirements for suppliers are defined and scaled by supplier criticality.,supplier_security,"NIST CSF 2.0 GV.SC-05; CSF 2.0 IE GV.SC-05 Ex1, Ex4",,high,,,
NIST.GV.SC.05,Supply chain requirements in contracts,high,NIST.GV.SC.05.TC2,design,"Standard contract templates include cybersecurity clauses (e.g. confidentiality, incident notification, assurance or audit rights).",supplier_security (contract templates),"NIST CSF 2.0 GV.SC-05; CSF 2.0 IE GV.SC-05 Ex2, Ex9",,high,,,
NIST.GV.SC.05,Supply chain requirements in contracts,high,NIST.GV.SC.05.TC3,operating,A sample of contracts with critical suppliers contains the required cybersecurity clauses.,supplier_security (sample agreements),NIST CSF 2.0 GV.SC-05 ('integrated into contracts'),,high,,,
NIST.GV.SC.05,Supply chain requirements in contracts,high,NIST.GV.SC.05.TC4,design,Critical-supplier contracts require the supplier to notify the organisation of security incidents affecting it within a stated time.,supplier_security (sample agreements),NIST CSF 2.0 GV.SC-05; CSF 2.0 IE GV.SC-05 Ex3; practice (stated time),,medium,,,
NIST.ID.AM.01,Hardware asset inventory,high,NIST.ID.AM.01.TC1,design,"A hardware inventory exists covering the organisation-managed device types in use (servers, endpoints, network devices, mobile, IoT/OT where present).",asset_inventory,NIST CSF 2.0 ID.AM-01; CSF 2.0 IE ID.AM-01 Ex1,,high,,,
NIST.ID.AM.01,Hardware asset inventory,high,NIST.ID.AM.01.TC2,design,Each hardware inventory entry records an owner or responsible team.,asset_inventory,NIST CSF 2.0 ID.AM-01; SP 800-53r5 CM-8,,medium,,,
NIST.ID.AM.01,Hardware asset inventory,high,NIST.ID.AM.01.TC3,operating,The hardware inventory shows updates during the period (last-updated dates or automated discovery).,asset_inventory,NIST CSF 2.0 ID.AM-01 ('maintained'); CSF 2.0 IE ID.AM-01 Ex2,,high,,,
NIST.ID.AM.01,Hardware asset inventory,high,NIST.ID.AM.01.TC4,operating,"A sample of devices seen on the network or in device management (MDM, cloud console, network scan) all appear in the hardware inventory.",asset_inventory; MDM or scan export,NIST CSF 2.0 ID.AM-01; practice (completeness test),,medium,,,
NIST.ID.AM.02,Software asset inventory,high,NIST.ID.AM.02.TC1,design,"An inventory of software and services exists, including SaaS, cloud services, APIs, open-source and in-house applications.",asset_inventory,NIST CSF 2.0 ID.AM-02; CSF 2.0 IE ID.AM-02 Ex1,,high,,,
NIST.ID.AM.02,Software asset inventory,high,NIST.ID.AM.02.TC2,design,An inventory of the organisation's systems exists.,asset_inventory,NIST CSF 2.0 ID.AM-02; CSF 2.0 IE ID.AM-02 Ex3,,high,,,
NIST.ID.AM.02,Software asset inventory,high,NIST.ID.AM.02.TC3,operating,The software and services inventory shows updates during the period.,asset_inventory,NIST CSF 2.0 ID.AM-02 ('maintained'),,high,,,
NIST.ID.AM.02,Software asset inventory,high,NIST.ID.AM.02.TC4,operating,"A sample of software found in use (endpoint agent report, SSO application list, expense records) all appears in the inventory.",asset_inventory; endpoint/SSO export,NIST CSF 2.0 ID.AM-02; CSF 2.0 IE ID.AM-02 Ex2; practice (completeness test),,medium,,,
NIST.ID.AM.03,Network communication mapping,medium,NIST.ID.AM.03.TC1,design,"A network diagram shows the authorised network communication paths, including connections to external networks and third parties.",network_security,"NIST CSF 2.0 ID.AM-03; CSF 2.0 IE ID.AM-03 Ex1, Ex2",,high,,,
NIST.ID.AM.03,Network communication mapping,medium,NIST.ID.AM.03.TC2,design,Data flow diagrams for key systems show internal and external data flows.,network_security,NIST CSF 2.0 ID.AM-03,,high,,,
NIST.ID.AM.03,Network communication mapping,medium,NIST.ID.AM.03.TC3,design,"The expected ports, protocols and services between authorised systems are documented.",network_security,NIST CSF 2.0 ID.AM-03; CSF 2.0 IE ID.AM-03 Ex4,,medium,,,
NIST.ID.AM.03,Network communication mapping,medium,NIST.ID.AM.03.TC4,operating,The diagrams are dated within the period or after the latest significant network change.,network_security (version history),NIST CSF 2.0 ID.AM-03 ('maintained'),,high,,,
NIST.ID.AM.04,External service inventory,medium,NIST.ID.AM.04.TC1,design,"An inventory lists the external services suppliers provide to the organisation (IaaS, PaaS, SaaS, APIs, hosted applications).",supplier_security; asset_inventory,NIST CSF 2.0 ID.AM-04; CSF 2.0 IE ID.AM-04 Ex1,,high,,,
NIST.ID.AM.04,External service inventory,medium,NIST.ID.AM.04.TC2,design,A procedure requires a new external service to be added to the inventory before it is used.,supplier_security,NIST CSF 2.0 ID.AM-04; CSF 2.0 IE ID.AM-04 Ex2,,medium,,,
NIST.ID.AM.04,External service inventory,medium,NIST.ID.AM.04.TC3,operating,"A sample of external services in use (from SSO logs, invoices or expense claims) all appear in the inventory.",supplier_security; SSO or invoice extract,NIST CSF 2.0 ID.AM-04 ('maintained'); practice (completeness test),,medium,,,
NIST.ID.AM.05,Asset prioritization,high,NIST.ID.AM.05.TC1,design,"Written criteria for prioritising assets consider classification, criticality, resources and mission impact.",asset_inventory,NIST CSF 2.0 ID.AM-05; CSF 2.0 IE ID.AM-05 Ex1,,high,,,
NIST.ID.AM.05,Asset prioritization,high,NIST.ID.AM.05.TC2,operating,Assets in the inventory (or a sample) carry a priority or criticality rating.,asset_inventory,NIST CSF 2.0 ID.AM-05; CSF 2.0 IE ID.AM-05 Ex2,,high,,,
NIST.ID.AM.05,Asset prioritization,high,NIST.ID.AM.05.TC3,operating,Asset priorities were reviewed in the period or after the latest significant organisational change.,asset_inventory (version history),NIST CSF 2.0 ID.AM-05; CSF 2.0 IE ID.AM-05 Ex3,,medium,,,
NIST.ID.AM.07,Data inventory and classification,high,NIST.ID.AM.07.TC1,design,"A list of designated data types exists (e.g. personal data, health data, payment data, intellectual property).",asset_inventory (data inventory),NIST CSF 2.0 ID.AM-07; CSF 2.0 IE ID.AM-07 Ex1,,high,,,
NIST.ID.AM.07,Data inventory and classification,high,NIST.ID.AM.07.TC2,design,"The data inventory records, for each designated data type, where it is held and at least its owner and classification.",asset_inventory (data inventory),NIST CSF 2.0 ID.AM-07 ('corresponding metadata'); CSF 2.0 IE ID.AM-07 Ex4,,medium,,,
NIST.ID.AM.07,Data inventory and classification,high,NIST.ID.AM.07.TC3,design,A data classification scheme exists and designated data types are labelled or tagged with a classification.,asset_inventory; cryptography_policy,NIST CSF 2.0 ID.AM-07; CSF 2.0 IE ID.AM-07 Ex3,,medium,,,
NIST.ID.AM.07,Data inventory and classification,high,NIST.ID.AM.07.TC4,operating,The data inventory shows updates during the period.,asset_inventory (version history),NIST CSF 2.0 ID.AM-07 ('maintained'),,high,,,
NIST.ID.AM.08,Asset life-cycle management,medium,NIST.ID.AM.08.TC1,design,"Documented procedures cover security at each stage of the asset life cycle: acquisition or deployment, change, and retirement or disposal.",asset_inventory; configuration_baselines,NIST CSF 2.0 ID.AM-08; CSF 2.0 IE ID.AM-08 Ex1 [repo title 'Systems and services in scope' does not match; the repo description does],,high,,,
NIST.ID.AM.08,Asset life-cycle management,medium,NIST.ID.AM.08.TC2,design,"A procedure requires secure data destruction and media sanitisation when hardware is retired, reassigned or sent for repair.",asset_inventory; physical_security,"NIST CSF 2.0 ID.AM-08; CSF 2.0 IE ID.AM-08 Ex7, Ex8; SP 800-53r5 MP-6",,medium,,,
NIST.ID.AM.08,Asset life-cycle management,medium,NIST.ID.AM.08.TC3,operating,Disposal or sanitisation records exist for assets retired in the period.,asset_inventory (disposal log),NIST CSF 2.0 ID.AM-08; CSF 2.0 IE ID.AM-08 Ex7,,medium,,,
NIST.ID.AM.08,Asset life-cycle management,medium,NIST.ID.AM.08.TC4,operating,"For a sample of systems deployed in the period, build or change records show they were configured to baseline before going live.",configuration_baselines; change records,NIST CSF 2.0 ID.AM-08; CSF 2.0 IE ID.AM-08 Ex5,,medium,,,
NIST.ID.RA.01,Vulnerability identification,critical,NIST.ID.RA.01.TC1,design,"A vulnerability management procedure says how vulnerabilities in assets are identified (e.g. scanning, testing, advisories), validated and recorded.",vulnerability_management,NIST CSF 2.0 ID.RA-01,,high,,,
NIST.ID.RA.01,Vulnerability identification,critical,NIST.ID.RA.01.TC2,operating,Vulnerability scan or assessment reports from the period cover the in-scope assets.,vulnerability_management (scan reports),NIST CSF 2.0 ID.RA-01 ('identified'); CSF 2.0 IE ID.RA-01 Ex1,,high,,,
NIST.ID.RA.01,Vulnerability identification,critical,NIST.ID.RA.01.TC3,operating,Identified vulnerabilities are recorded in a tracker with status and owner.,vulnerability_management (tracker extract),NIST CSF 2.0 ID.RA-01 ('recorded'),,high,,,
NIST.ID.RA.01,Vulnerability identification,critical,NIST.ID.RA.01.TC4,operating,"In-house developed software was tested or reviewed for vulnerabilities in the period (e.g. code scanning, penetration test).",sdlc_policy; vulnerability_management,NIST CSF 2.0 ID.RA-01; CSF 2.0 IE ID.RA-01 Ex3,,medium,,,
NIST.ID.RA.02,Threat intelligence receipt,medium,NIST.ID.RA.02.TC1,design,"The organisation subscribes to named cyber threat intelligence sources (e.g. national CERT advisories, an ISAC, vendor feeds).",vulnerability_management,NIST CSF 2.0 ID.RA-02,,high,,,
NIST.ID.RA.02,Threat intelligence receipt,medium,NIST.ID.RA.02.TC2,design,A named role is responsible for reviewing the threat intelligence received.,roles_responsibilities; vulnerability_management,NIST CSF 2.0 ID.RA-02; practice,,medium,,,
NIST.ID.RA.02,Threat intelligence receipt,medium,NIST.ID.RA.02.TC3,operating,Records show threat advisories were received in the period and at least some led to a recorded assessment or action.,"vulnerability_management (advisory log, tickets)",NIST CSF 2.0 ID.RA-02; CSF 2.0 IE ID.RA-02 Ex2,,medium,,,
NIST.ID.RA.03,Threat identification,high,NIST.ID.RA.03.TC1,design,The risk assessment method requires internal and external threats to be identified.,risk_assessment (methodology),NIST CSF 2.0 ID.RA-03,,high,,,
NIST.ID.RA.03,Threat identification,high,NIST.ID.RA.03.TC2,operating,A threat register or the risk register records identified internal (including insider) and external threats.,risk_assessment,NIST CSF 2.0 ID.RA-03 ('identified and recorded'); CSF 2.0 IE ID.RA-03 Ex3,,high,,,
NIST.ID.RA.03,Threat identification,high,NIST.ID.RA.03.TC3,operating,Threat records were updated in the period using threat intelligence.,risk_assessment (version history),NIST CSF 2.0 ID.RA-03; CSF 2.0 IE ID.RA-03 Ex1,,medium,,,
NIST.ID.RA.04,Impact and likelihood assessment,high,NIST.ID.RA.04.TC1,design,The risk methodology defines scales for likelihood and impact.,risk_assessment (methodology),NIST CSF 2.0 ID.RA-04; SP 800-53r5 RA-3,,medium,,,
NIST.ID.RA.04,Impact and likelihood assessment,high,NIST.ID.RA.04.TC2,operating,Each risk in the register records a likelihood and an impact.,risk_assessment (risk register),NIST CSF 2.0 ID.RA-04 ('identified and recorded'),,high,,,
NIST.ID.RA.04,Impact and likelihood assessment,high,NIST.ID.RA.04.TC3,operating,"Business owners are named against, or signed off, the likelihood and impact estimates for their risks.",risk_assessment (risk register),NIST CSF 2.0 ID.RA-04; CSF 2.0 IE ID.RA-04 Ex1,,medium,,,
NIST.ID.RA.05,Risk determination,critical,NIST.ID.RA.05.TC1,design,"The risk methodology combines threat, vulnerability, likelihood and impact to produce an inherent risk rating.",risk_assessment (methodology),NIST CSF 2.0 ID.RA-05,,high,,,
NIST.ID.RA.05,Risk determination,critical,NIST.ID.RA.05.TC2,operating,The risk register shows an inherent risk rating for each risk.,risk_assessment (risk register),NIST CSF 2.0 ID.RA-05,,high,,,
NIST.ID.RA.05,Risk determination,critical,NIST.ID.RA.05.TC3,operating,"Risk treatment priorities follow the ratings: the highest-rated risks are treated first, or any departure is justified in writing.",risk_assessment (treatment plan),NIST CSF 2.0 ID.RA-05 ('inform risk response prioritization'),,high,,,
NIST.ID.RA.06,Risk response selection,high,NIST.ID.RA.06.TC1,design,"The risk procedure requires a response decision (accept, mitigate, transfer, avoid) for each risk, with criteria for choosing.",risk_assessment (methodology),NIST CSF 2.0 ID.RA-06; CSF 2.0 IE ID.RA-06 Ex1,,high,,,
NIST.ID.RA.06,Risk response selection,high,NIST.ID.RA.06.TC2,operating,"Each risk above tolerance has a recorded response, owner and target date.",risk_assessment (risk register),"NIST CSF 2.0 ID.RA-06 ('chosen, prioritized, planned')",,high,,,
NIST.ID.RA.06,Risk response selection,high,NIST.ID.RA.06.TC3,operating,Treatment progress is tracked: the register or plan of action shows status updates in the period.,risk_assessment (treatment tracker),NIST CSF 2.0 ID.RA-06 ('tracked'); CSF 2.0 IE ID.RA-06 Ex3,,high,,,
NIST.ID.RA.06,Risk response selection,high,NIST.ID.RA.06.TC4,operating,Planned risk responses were communicated to affected stakeholders (e.g. risk report to owners or leadership).,leadership_oversight; risk_assessment,NIST CSF 2.0 ID.RA-06 ('communicated'),,high,,,
NIST.ID.IM.01,Improvement from evaluations,medium,NIST.ID.IM.01.TC1,design,"The organisation has a schedule or requirement for evaluating its cybersecurity programme (self-assessment, internal audit or independent assessment).",exercise_records; leadership_oversight,"NIST CSF 2.0 ID.IM-01; CSF 2.0 IE ID.IM-01 Ex1, Ex2",,medium,,,
NIST.ID.IM.01,Improvement from evaluations,medium,NIST.ID.IM.01.TC2,operating,At least one evaluation of the cybersecurity programme was completed in the period.,exercise_records; audit reports,NIST CSF 2.0 ID.IM-01; practice (frequency),,medium,,,
NIST.ID.IM.01,Improvement from evaluations,medium,NIST.ID.IM.01.TC3,operating,"The evaluation produced a documented list of improvements, each with an owner.",exercise_records (improvement actions),NIST CSF 2.0 ID.IM-01 ('improvements are identified'),,high,,,
NIST.ID.IM.02,Improvement from testing,medium,NIST.ID.IM.02.TC1,design,"A plan or schedule exists for security tests and exercises (e.g. penetration tests, tabletop exercises, recovery tests).",exercise_records,"NIST CSF 2.0 ID.IM-02; CSF 2.0 IE ID.IM-02 Ex1, Ex4",,medium,,,
NIST.ID.IM.02,Improvement from testing,medium,NIST.ID.IM.02.TC2,operating,Reports from tests or exercises in the period record the improvements identified.,exercise_records,NIST CSF 2.0 ID.IM-02,,high,,,
NIST.ID.IM.02,Improvement from testing,medium,NIST.ID.IM.02.TC3,operating,Improvement actions from tests and exercises have owners and a tracked status.,exercise_records (action tracker),NIST CSF 2.0 ID.IM-02; practice (tracking),,medium,,,
NIST.ID.IM.02,Improvement from testing,medium,NIST.ID.IM.02.TC4,operating,"At least one test or exercise in the period involved a critical supplier or third party, or a record explains why none was needed.",exercise_records,NIST CSF 2.0 ID.IM-02 ('in coordination with suppliers'); CSF 2.0 IE ID.IM-02 Ex2,,medium,,,
NIST.ID.IM.03,Improvement from execution,medium,NIST.ID.IM.03.TC1,design,A process captures lessons learned from operations and incidents (e.g. a post-incident review step in the incident procedure).,breach_procedure; incident_log,NIST CSF 2.0 ID.IM-03,,medium,,,
NIST.ID.IM.03,Improvement from execution,medium,NIST.ID.IM.03.TC2,operating,Post-incident or operational review records from the period list the improvements identified.,incident_log (post-incident reports),NIST CSF 2.0 ID.IM-03 ('improvements are identified'),,high,,,
NIST.ID.IM.03,Improvement from execution,medium,NIST.ID.IM.03.TC3,operating,"At least one policy, process or procedure was updated in the period to reflect a lesson learned.",security_policy change log; incident_log,NIST CSF 2.0 ID.IM-03; CSF 2.0 IE ID.IM-03 Ex2,,medium,,,
NIST.PR.AA.01,Identity and credential management,critical,NIST.PR.AA.01.TC1,design,"An identity and access procedure covers creating, changing and revoking identities and credentials for users, service accounts and devices.",access_control_policy,NIST CSF 2.0 PR.AA-01,,high,,,
NIST.PR.AA.01,Identity and credential management,critical,NIST.PR.AA.01.TC2,operating,"For a sample of joiners in the period, access requests were approved before accounts were created.",access_control_policy (access request tickets),NIST CSF 2.0 PR.AA-01; CSF 2.0 IE PR.AA-01 Ex1,,medium,,,
NIST.PR.AA.01,Identity and credential management,critical,NIST.PR.AA.01.TC3,operating,"For a sample of leavers in the period, accounts were disabled within the time the procedure sets.",access_control_policy; hr_security (leaver list),"NIST CSF 2.0 PR.AA-01; SP 800-53r5 AC-2, PS-4",,medium,,,
NIST.PR.AA.01,Identity and credential management,critical,NIST.PR.AA.01.TC4,design,"Non-human credentials (service accounts, API keys, certificates, cryptographic keys) are inventoried, each with an owner.",access_control_policy; cryptography_policy,NIST CSF 2.0 PR.AA-01; CSF 2.0 IE PR.AA-01 Ex2,,medium,,,
NIST.PR.AA.02,Identity proofing,high,NIST.PR.AA.02.TC1,design,"A procedure requires a person's identity to be verified (e.g. official ID checked at onboarding) before credentials are issued, with stronger checks where the access context warrants.",access_control_policy; hr_security,NIST CSF 2.0 PR.AA-02; CSF 2.0 IE PR.AA-02 Ex1,,high,,,
NIST.PR.AA.02,Identity proofing,high,NIST.PR.AA.02.TC2,design,Each person gets their own credential; shared accounts are prohibited or allowed only by recorded exception.,access_control_policy,NIST CSF 2.0 PR.AA-02 ('bound to credentials'); CSF 2.0 IE PR.AA-02 Ex2,,medium,,,
NIST.PR.AA.02,Identity proofing,high,NIST.PR.AA.02.TC3,operating,"For a sample of accounts created in the period, identity verification evidence exists (HR record or ID check).",hr_security; access_control_policy,NIST CSF 2.0 PR.AA-02,,medium,,,
NIST.PR.AA.03,Authentication,critical,NIST.PR.AA.03.TC1,design,"An authentication standard defines how users, services and devices are authenticated.",access_control_policy,NIST CSF 2.0 PR.AA-03,,high,,,
NIST.PR.AA.03,Authentication,critical,NIST.PR.AA.03.TC2,design,The standard requires multi-factor authentication at least for remote access and privileged accounts.,access_control_policy,NIST CSF 2.0 PR.AA-03; CSF 2.0 IE PR.AA-03 Ex1; SP 800-53r5 IA-2,,medium,,,
NIST.PR.AA.03,Authentication,critical,NIST.PR.AA.03.TC3,operating,"Identity provider or system settings show MFA enforced for the in-scope users, and any exceptions are recorded.",access_control_policy (IdP configuration export),NIST CSF 2.0 PR.AA-03; CSF 2.0 IE PR.AA-03 Ex1,,medium,,,
NIST.PR.AA.03,Authentication,critical,NIST.PR.AA.03.TC4,design,"Minimum strength rules for passwords, PINs and similar authenticators are set and technically enforced.",access_control_policy,NIST CSF 2.0 PR.AA-03; CSF 2.0 IE PR.AA-03 Ex2; SP 800-53r5 IA-5,,medium,,,
NIST.PR.AA.04,Identity assertions,high,NIST.PR.AA.04.TC1,design,"Where single sign-on or federation is used, relying applications accept only signed identity assertions (e.g. SAML, OIDC tokens) and verify them.",access_control_policy,"NIST CSF 2.0 PR.AA-04; CSF 2.0 IE PR.AA-04 Ex1, Ex2, Ex3",,high,,,
NIST.PR.AA.04,Identity assertions,high,NIST.PR.AA.04.TC2,operating,"For a sample of SSO-connected applications, configuration shows assertion signing and signature validation enabled.",access_control_policy (IdP/app configuration),NIST CSF 2.0 PR.AA-04; CSF 2.0 IE PR.AA-04 Ex3,,medium,,,
NIST.PR.AA.04,Identity assertions,high,NIST.PR.AA.04.TC3,design,"Assertion and token lifetimes are limited, and the signing keys are rotated on a defined schedule.",access_control_policy; cryptography_policy,NIST CSF 2.0 PR.AA-04; practice,,medium,,,
NIST.PR.AA.05,Access permissions and authorizations,critical,NIST.PR.AA.05.TC1,design,An access control policy requires access to be granted on least privilege.,access_control_policy,NIST CSF 2.0 PR.AA-05,,high,,,
NIST.PR.AA.05,Access permissions and authorizations,critical,NIST.PR.AA.05.TC2,design,The policy names conflicting duties that must be separated.,access_control_policy,NIST CSF 2.0 PR.AA-05 ('separation of duties'),,high,,,
NIST.PR.AA.05,Access permissions and authorizations,critical,NIST.PR.AA.05.TC3,operating,"User access reviews were completed in the period for in-scope systems, and the removal of unneeded access is recorded.",access_control_policy (access review records),NIST CSF 2.0 PR.AA-05 ('reviewed'); CSF 2.0 IE PR.AA-05 Ex1,,high,,,
NIST.PR.AA.05,Access permissions and authorizations,critical,NIST.PR.AA.05.TC4,operating,Each privileged account in a sample belongs to a named person and has an approved justification.,access_control_policy (privileged account list),NIST CSF 2.0 PR.AA-05; SP 800-53r5 AC-6,,medium,,,
NIST.PR.AA.06,Physical access management,high,NIST.PR.AA.06.TC1,design,"A physical security procedure sets access controls (e.g. badges, locks) for facilities holding assets, with stricter controls for high-risk areas.",physical_security (or data-centre provider attestation for cloud-hosted assets),"NIST CSF 2.0 PR.AA-06; CSF 2.0 IE PR.AA-06 Ex1, Ex2",,high,,,
NIST.PR.AA.06,Physical access management,high,NIST.PR.AA.06.TC2,operating,Physical access logs or visitor records for the period exist and were reviewed.,"physical_security (access logs, visitor register)",NIST CSF 2.0 PR.AA-06 ('monitored'),,high,,,
NIST.PR.AA.06,Physical access management,high,NIST.PR.AA.06.TC3,operating,"Physical access rights were reviewed in the period, and leavers' badges or keys were withdrawn.",physical_security; hr_security,NIST CSF 2.0 PR.AA-06; SP 800-53r5 PE-2,,medium,,,
NIST.PR.AT.01,Security awareness,high,NIST.PR.AT.01.TC1,design,"A security awareness programme covers all personnel, including contractors who use the organisation's non-public resources.",training_records,NIST CSF 2.0 PR.AT-01; CSF 2.0 IE PR.AT-01 Ex1,,high,,,
NIST.PR.AT.01,Security awareness,high,NIST.PR.AT.01.TC2,design,"The awareness content covers social engineering and phishing, reporting suspicious activity, acceptable use and credential hygiene.",training_records (course outline),NIST CSF 2.0 PR.AT-01; CSF 2.0 IE PR.AT-01 Ex2,,medium,,,
NIST.PR.AT.01,Security awareness,high,NIST.PR.AT.01.TC3,operating,Completion records show personnel completed awareness training within the last 12 months.,training_records (completion report),NIST CSF 2.0 PR.AT-01; CSF 2.0 IE PR.AT-01 Ex5,,medium,,,
NIST.PR.AT.01,Security awareness,high,NIST.PR.AT.01.TC4,operating,Knowledge checks or phishing simulations were run in the period.,training_records,NIST CSF 2.0 PR.AT-01; CSF 2.0 IE PR.AT-01 Ex4,,medium,,,
NIST.PR.AT.02,Specialized role training,high,NIST.PR.AT.02.TC1,design,"Roles that need specialised security training are identified (e.g. administrators, developers, security staff, finance, executives).",training_records; roles_responsibilities,NIST CSF 2.0 PR.AT-02; CSF 2.0 IE PR.AT-02 Ex1 [repo title 'Privileged user training' is narrower than CSF 2.0's 'specialized roles'; the repo description matches CSF 2.0],,high,,,
NIST.PR.AT.02,Specialized role training,high,NIST.PR.AT.02.TC2,design,Role-based training content is defined for each identified role.,training_records,NIST CSF 2.0 PR.AT-02; CSF 2.0 IE PR.AT-02 Ex2,,high,,,
NIST.PR.AT.02,Specialized role training,high,NIST.PR.AT.02.TC3,operating,Completion records show holders of the identified roles completed their role-based training in the period.,training_records,NIST CSF 2.0 PR.AT-02 ('are provided'),,high,,,
NIST.PR.DS.01,Data-at-rest protection,critical,NIST.PR.DS.01.TC1,design,A documented standard sets protection requirements for stored data according to its classification.,cryptography_policy,NIST CSF 2.0 PR.DS-01,,high,,,
NIST.PR.DS.01,Data-at-rest protection,critical,NIST.PR.DS.01.TC2,design,"The standard requires encryption at rest for sensitive data (databases, storage, backups) and full-disk encryption on endpoints.",cryptography_policy,"NIST CSF 2.0 PR.DS-01; CSF 2.0 IE PR.DS-01 Ex1, Ex2; SP 800-53r5 SC-28",,medium,,,
NIST.PR.DS.01,Data-at-rest protection,critical,NIST.PR.DS.01.TC3,operating,"Configuration evidence (storage or database encryption settings, device-management encryption report) shows encryption at rest enabled for sampled data stores and endpoints.",cryptography_policy; configuration export,"NIST CSF 2.0 PR.DS-01; CSF 2.0 IE PR.DS-01 Ex1, Ex2",,medium,,,
NIST.PR.DS.01,Data-at-rest protection,critical,NIST.PR.DS.01.TC4,design,Use of removable media is restricted by policy and technical control.,cryptography_policy; configuration_baselines,NIST CSF 2.0 PR.DS-01; CSF 2.0 IE PR.DS-01 Ex4,,medium,,,
NIST.PR.DS.02,Data-in-transit protection,critical,NIST.PR.DS.02.TC1,design,A documented standard requires protection of data in transit (e.g. TLS for external and for sensitive internal traffic).,cryptography_policy,NIST CSF 2.0 PR.DS-02; CSF 2.0 IE PR.DS-02 Ex1,,high,,,
NIST.PR.DS.02,Data-in-transit protection,critical,NIST.PR.DS.02.TC2,operating,Sampled external endpoints accept only current TLS versions (e.g. 1.2 or later) and present valid certificates.,cryptography_policy; TLS scan output,NIST CSF 2.0 PR.DS-02; SP 800-53r5 SC-8; practice (version floor),,medium,,,
NIST.PR.DS.02,Data-in-transit protection,critical,NIST.PR.DS.02.TC3,design,Controls stop sensitive data leaving through email or personal services (data loss prevention or blocking).,cryptography_policy; configuration_baselines,"NIST CSF 2.0 PR.DS-02; CSF 2.0 IE PR.DS-02 Ex2, Ex3",,medium,,,
NIST.PR.DS.02,Data-in-transit protection,critical,NIST.PR.DS.02.TC4,design,Production sensitive data is not used in non-production environments unless masked.,sdlc_policy; cryptography_policy,NIST CSF 2.0 PR.DS-02; CSF 2.0 IE PR.DS-02 Ex4,,medium,,,
NIST.PR.DS.10,Data-in-use protection,high,NIST.PR.DS.10.TC1,design,"The data protection standard contains explicit requirements for data in use, not only for data at rest and in transit.",cryptography_policy,NIST CSF 2.0 PR.DS-10,,medium,,,
NIST.PR.DS.10,Data-in-use protection,high,NIST.PR.DS.10.TC2,design,"Secrets and sensitive values are kept out of logs and code and held in a secrets manager, so they are exposed in memory only while needed.",cryptography_policy; sdlc_policy,NIST CSF 2.0 PR.DS-10; CSF 2.0 IE PR.DS-10 Ex1,,medium,,,
NIST.PR.DS.10,Data-in-use protection,high,NIST.PR.DS.10.TC3,operating,"Shared or multi-tenant platforms isolate one user's or tenant's data in use from other users and processes (e.g. tenant-isolation test results, container isolation settings).",sdlc_policy; configuration_baselines; test report,NIST CSF 2.0 PR.DS-10; CSF 2.0 IE PR.DS-10 Ex2 (what evidence suffices for data-in-use isolation is not settled),,low,,,
NIST.PR.DS.11,Backup management,high,NIST.PR.DS.11.TC1,design,"A backup policy sets scope, frequency and retention for backups.",backup,NIST CSF 2.0 PR.DS-11,,high,,,
NIST.PR.DS.11,Backup management,high,NIST.PR.DS.11.TC2,design,"At least one backup copy is kept offline, immutable or in a separate location or account.",backup,"NIST CSF 2.0 PR.DS-11; CSF 2.0 IE PR.DS-11 Ex3, Ex4",,medium,,,
NIST.PR.DS.11,Backup management,high,NIST.PR.DS.11.TC3,design,"Access to backups is restricted to named roles, and backups are encrypted.",backup; cryptography_policy,NIST CSF 2.0 PR.DS-11 ('protected'); SP 800-53r5 CP-9,,medium,,,
NIST.PR.DS.11,Backup management,high,NIST.PR.DS.11.TC4,operating,Backup job logs for sampled systems show successful backups at the defined frequency.,backup (job logs),NIST CSF 2.0 PR.DS-11 ('created ... maintained'),,high,,,
NIST.PR.DS.11,Backup management,high,NIST.PR.DS.11.TC5,operating,A restore test ran in the last 12 months and its result is recorded.,backup (restore test records),NIST CSF 2.0 PR.DS-11 ('tested'); CSF 2.0 IE PR.DS-11 Ex2 (annual),,high,,,
NIST.PR.PS.01,Configuration management practices,high,NIST.PR.PS.01.TC1,design,Secure configuration baselines (hardening standards) are documented for the platform types in use.,configuration_baselines,NIST CSF 2.0 PR.PS-01; CSF 2.0 IE PR.PS-01 Ex1,,high,,,
NIST.PR.PS.01,Configuration management practices,high,NIST.PR.PS.01.TC2,operating,Sampled systems conform to their baseline (e.g. benchmark scan or configuration-compliance report from the period).,configuration_baselines (compliance report),NIST CSF 2.0 PR.PS-01 ('applied'); CSF 2.0 IE PR.PS-01 Ex3,,high,,,
NIST.PR.PS.01,Configuration management practices,high,NIST.PR.PS.01.TC3,design,Default settings are reviewed and changed where needed when software is installed or upgraded.,configuration_baselines,NIST CSF 2.0 PR.PS-01; CSF 2.0 IE PR.PS-01 Ex2,,medium,,,
NIST.PR.PS.01,Configuration management practices,high,NIST.PR.PS.01.TC4,operating,Network infrastructure device configurations were reviewed against security principles in the period.,configuration_baselines; network_security,"[repo says 'configuration of network infrastructure is established, applied, and reviewed incorporating security principles'; CSF 2.0 PR.PS-01 is 'configuration management practices are established and applied', covering all platforms]",CSF 2.0 PR.PS-01 covers configuration management generally; the pack's narrower 'network infrastructure ... reviewed ... security principles' wording resembles CSF 1.1 baseline-configuration language rather than CSF 2.0.,low,,,
NIST.PR.PS.02,Software maintenance,high,NIST.PR.PS.02.TC1,design,A patch management procedure sets patch deadlines by severity.,vulnerability_management,NIST CSF 2.0 PR.PS-02 ('commensurate with risk'); CSF 2.0 IE PR.PS-02 Ex1,,high,,,
NIST.PR.PS.02,Software maintenance,high,NIST.PR.PS.02.TC2,operating,Patch reports show critical and high-severity patches applied within the set deadlines on sampled systems.,vulnerability_management (patch reports),NIST CSF 2.0 PR.PS-02 ('maintained'); CSF 2.0 IE PR.PS-02 Ex1,,high,,,
NIST.PR.PS.02,Software maintenance,high,NIST.PR.PS.02.TC3,operating,"No unsupported (end-of-life) software runs in production, or each instance has a recorded exception with a replacement plan.",asset_inventory; vulnerability_management,NIST CSF 2.0 PR.PS-02 ('replaced'); CSF 2.0 IE PR.PS-02 Ex3,,medium,,,
NIST.PR.PS.02,Software maintenance,high,NIST.PR.PS.02.TC4,operating,Unauthorised or unneeded software found in the period was removed (e.g. software inventory review with removal records).,asset_inventory,"NIST CSF 2.0 PR.PS-02 ('removed'); CSF 2.0 IE PR.PS-02 Ex4, Ex5",,medium,,,
NIST.PR.PS.03,Hardware maintenance,medium,NIST.PR.PS.03.TC1,design,"A procedure covers hardware maintenance, end-of-life replacement and secure disposal.",configuration_baselines; asset_inventory,NIST CSF 2.0 PR.PS-03,,high,,,
NIST.PR.PS.03,Hardware maintenance,medium,NIST.PR.PS.03.TC2,operating,Hardware in the inventory that is past vendor support has a replacement plan or a recorded exception.,asset_inventory,"NIST CSF 2.0 PR.PS-03; CSF 2.0 IE PR.PS-03 Ex1, Ex2",,medium,,,
NIST.PR.PS.03,Hardware maintenance,medium,NIST.PR.PS.03.TC3,operating,"Disposal records, with data-sanitisation evidence, exist for hardware retired in the period.",asset_inventory (disposal log),NIST CSF 2.0 PR.PS-03; CSF 2.0 IE PR.PS-03 Ex3,,medium,,,
NIST.PR.PS.04,Log record generation,high,NIST.PR.PS.04.TC1,design,"A logging standard says which events must be logged for operating systems, applications, cloud services and network devices.",logging_monitoring,NIST CSF 2.0 PR.PS-04; CSF 2.0 IE PR.PS-04 Ex1; SP 800-53r5 AU-2,,high,,,
NIST.PR.PS.04,Log record generation,high,NIST.PR.PS.04.TC2,operating,Sampled systems and services have logging enabled and send logs to the central logging platform or SIEM.,"logging_monitoring (log source list, config)",NIST CSF 2.0 PR.PS-04 ('generated and made available'); CSF 2.0 IE PR.PS-04 Ex2,,high,,,
NIST.PR.PS.04,Log record generation,high,NIST.PR.PS.04.TC3,design,Logs are kept for a defined retention period and protected from alteration.,logging_monitoring,"NIST CSF 2.0 PR.PS-04; SP 800-53r5 AU-9, AU-11",,medium,,,
NIST.PR.PS.05,Installation and execution prevention,high,NIST.PR.PS.05.TC1,design,"Policy limits software installation and execution to approved software (e.g. no local admin rights, allow-listing, managed app catalogue).",configuration_baselines,"NIST CSF 2.0 PR.PS-05; CSF 2.0 IE PR.PS-05 Ex1, Ex4",,high,,,
NIST.PR.PS.05,Installation and execution prevention,high,NIST.PR.PS.05.TC2,operating,Endpoint management or allow-listing settings on sampled devices stop users installing or running unapproved software.,configuration_baselines (MDM/EDR policy export),NIST CSF 2.0 PR.PS-05 ('prevented'),,high,,,
NIST.PR.PS.05,Installation and execution prevention,high,NIST.PR.PS.05.TC3,design,The source and integrity of new software (e.g. signed packages) are checked before installation.,configuration_baselines,NIST CSF 2.0 PR.PS-05; CSF 2.0 IE PR.PS-05 Ex2,,medium,,,
NIST.PR.PS.06,Secure software development,high,NIST.PR.PS.06.TC1,design,"A secure development policy defines the security activities in each SDLC stage (e.g. security requirements, code review, security testing, dependency checks).",sdlc_policy,NIST CSF 2.0 PR.PS-06,,high,,,
NIST.PR.PS.06,Secure software development,high,NIST.PR.PS.06.TC2,operating,"For sampled releases in the period, the defined security activities were performed (e.g. code-scan results, code review records).",sdlc_policy (pipeline evidence),NIST CSF 2.0 PR.PS-06 ('integrated'),,high,,,
NIST.PR.PS.06,Secure software development,high,NIST.PR.PS.06.TC3,design,"Source repositories and build pipelines restrict access and protect against tampering (e.g. branch protection, signed commits or builds).",sdlc_policy,NIST CSF 2.0 PR.PS-06; CSF 2.0 IE PR.PS-06 Ex1,,medium,,,
NIST.PR.PS.06,Secure software development,high,NIST.PR.PS.06.TC4,operating,"Secure development performance measures (e.g. vulnerabilities found per release, time to fix) are tracked and reported in the period.",sdlc_policy (metrics),NIST CSF 2.0 PR.PS-06 ('performance is monitored'),,high,,,
NIST.PR.IR.01,Network and environment protection,critical,NIST.PR.IR.01.TC1,design,A network protection standard states how networks and environments are protected from unauthorised logical access.,network_security,NIST CSF 2.0 PR.IR-01,,high,,,
NIST.PR.IR.01,Network and environment protection,critical,NIST.PR.IR.01.TC2,design,"Networks and cloud environments are segmented by trust level (e.g. production separate from corporate and guest networks), with only required traffic allowed between segments.",network_security (architecture diagram),NIST CSF 2.0 PR.IR-01; CSF 2.0 IE PR.IR-01 Ex1,,medium,,,
NIST.PR.IR.01,Network and environment protection,critical,NIST.PR.IR.01.TC3,design,Perimeter firewall or security-group rules deny inbound traffic by default and allow only documented services.,network_security (rule export),NIST CSF 2.0 PR.IR-01; CSF 2.0 IE PR.IR-01 Ex2; SP 800-53r5 SC-7,,medium,,,
NIST.PR.IR.01,Network and environment protection,critical,NIST.PR.IR.01.TC4,operating,"Firewall and security-group rules were reviewed in the period, and rules without a justification were removed.",network_security (rule review record),NIST CSF 2.0 PR.IR-01; practice,,medium,,,
NIST.PR.IR.02,Environmental threat protection,medium,NIST.PR.IR.02.TC1,design,"Facilities housing the organisation's equipment have documented protection against environmental threats (fire, heat and humidity, water, power loss).",physical_security,NIST CSF 2.0 PR.IR-02; CSF 2.0 IE PR.IR-02 Ex1,,high,,,
NIST.PR.IR.02,Environmental threat protection,medium,NIST.PR.IR.02.TC2,operating,"For cloud or colocation hosting, current provider attestations covering environmental protection (e.g. SOC 2 report, ISO certificate) were obtained.",supplier_security; physical_security,NIST CSF 2.0 PR.IR-02; CSF 2.0 IE PR.IR-02 Ex2,,medium,,,
NIST.PR.IR.02,Environmental threat protection,medium,NIST.PR.IR.02.TC3,operating,"Environmental protection equipment (e.g. UPS, fire suppression) has maintenance or inspection records in the period.",physical_security (maintenance records),"NIST CSF 2.0 PR.IR-02; SP 800-53r5 PE-13, PE-14",,medium,,,
NIST.PR.IR.03,Resilience mechanisms,high,NIST.PR.IR.03.TC1,design,"Resilience requirements (availability targets, recovery time and point objectives) are defined for critical systems.",business_continuity,NIST CSF 2.0 PR.IR-03,,high,,,
NIST.PR.IR.03,Resilience mechanisms,high,NIST.PR.IR.03.TC2,design,"Architecture documents for critical systems show no single point of failure (e.g. redundancy, multi-zone deployment, failover).",business_continuity; network_security,"NIST CSF 2.0 PR.IR-03; CSF 2.0 IE PR.IR-03 Ex1, Ex3",,medium,,,
NIST.PR.IR.03,Resilience mechanisms,high,NIST.PR.IR.03.TC3,operating,A failover or resilience test ran in the period and its result was compared with the defined requirements.,business_continuity (test results),NIST CSF 2.0 PR.IR-03; SP 800-53r5 CP-4,,medium,,,
NIST.PR.IR.04,Adequate resource capacity,medium,NIST.PR.IR.04.TC1,design,"Capacity monitoring for storage, compute, network and power is in place, with alert thresholds set.",capacity monitoring dashboards/alert configuration (no pack evidence request maps PR.IR.04),NIST CSF 2.0 PR.IR-04; CSF 2.0 IE PR.IR-04 Ex1,,medium,,,
NIST.PR.IR.04,Adequate resource capacity,medium,NIST.PR.IR.04.TC2,operating,"Capacity reports or alerts from the period show utilisation was tracked, and threshold breaches led to recorded action.",capacity reports; change records,NIST CSF 2.0 PR.IR-04 ('maintained'),,medium,,,
NIST.PR.IR.04,Adequate resource capacity,medium,NIST.PR.IR.04.TC3,design,Capacity planning forecasts future needs (e.g. periodic capacity review or auto-scaling rules).,capacity plan,NIST CSF 2.0 PR.IR-04; CSF 2.0 IE PR.IR-04 Ex2,,medium,,,
NIST.DE.CM.01,Network monitoring,critical,NIST.DE.CM.01.TC1,design,"The monitoring standard lists which networks and network services (e.g. perimeter, DNS, cloud network flow logs, wireless) are monitored for adverse events.",logging_monitoring,NIST CSF 2.0 DE.CM-01; CSF 2.0 IE DE.CM-01 Ex1,,high,,,
NIST.DE.CM.01,Network monitoring,critical,NIST.DE.CM.01.TC2,operating,"Network monitoring tools (IDS/NDR, firewall alerting, flow-log analysis) were active in the period and their alerts were reviewed.",logging_monitoring (alert review records),NIST CSF 2.0 DE.CM-01 ('monitored'),,high,,,
NIST.DE.CM.01,Network monitoring,critical,NIST.DE.CM.01.TC3,operating,"Connections from unauthorised devices or rogue wireless networks are detected (e.g. NAC alerts, wireless scans in the period).",logging_monitoring; network_security,"NIST CSF 2.0 DE.CM-01; CSF 2.0 IE DE.CM-01 Ex2, Ex3",,medium,,,
NIST.DE.CM.02,Physical environment monitoring,medium,NIST.DE.CM.02.TC1,design,"Physical monitoring (e.g. CCTV, alarms, guards, access-log review) is defined for facilities holding assets.",physical_security (or provider attestation for cloud-hosted assets),NIST CSF 2.0 DE.CM-02; CSF 2.0 IE DE.CM-02 Ex4,,high,,,
NIST.DE.CM.02,Physical environment monitoring,medium,NIST.DE.CM.02.TC2,operating,Physical access system logs were reviewed in the period for unusual access and failed attempts.,physical_security (log review records),NIST CSF 2.0 DE.CM-02; CSF 2.0 IE DE.CM-02 Ex1,,medium,,,
NIST.DE.CM.02,Physical environment monitoring,medium,NIST.DE.CM.02.TC3,operating,Alarm and CCTV systems were working in the period (test or maintenance records).,physical_security,NIST CSF 2.0 DE.CM-02; practice,,medium,,,
NIST.DE.CM.03,Personnel activity monitoring,high,NIST.DE.CM.03.TC1,design,"The monitoring standard defines monitoring of personnel activity and technology use (e.g. logins, privileged actions, failed access).",logging_monitoring,NIST CSF 2.0 DE.CM-03,,high,,,
NIST.DE.CM.03,Personnel activity monitoring,high,NIST.DE.CM.03.TC2,operating,"Alerts on anomalous user activity (e.g. impossible travel, repeated failed logins, unusual privilege use) were generated and reviewed in the period.",logging_monitoring (alert tickets),"NIST CSF 2.0 DE.CM-03; CSF 2.0 IE DE.CM-03 Ex1, Ex2",,high,,,
NIST.DE.CM.03,Personnel activity monitoring,high,NIST.DE.CM.03.TC3,design,Personnel are told that their use of organisational systems is monitored (e.g. acceptable use policy or logon notice).,security_policy (acceptable use),NIST CSF 2.0 DE.CM-03; practice,,medium,,,
NIST.DE.CM.06,External service provider monitoring,high,NIST.DE.CM.06.TC1,design,"The organisation defines how external service provider activity is monitored (e.g. vendor remote maintenance, vendor admin access, cloud service activity).",supplier_security; logging_monitoring,NIST CSF 2.0 DE.CM-06,,high,,,
NIST.DE.CM.06,External service provider monitoring,high,NIST.DE.CM.06.TC2,operating,"Sampled vendor remote-access sessions in the period were logged, and the logs were reviewed.",logging_monitoring (session logs),NIST CSF 2.0 DE.CM-06; CSF 2.0 IE DE.CM-06 Ex1,,medium,,,
NIST.DE.CM.06,External service provider monitoring,high,NIST.DE.CM.06.TC3,operating,Audit logs from the cloud and SaaS services in use are collected and monitored for unexpected behaviour.,logging_monitoring,NIST CSF 2.0 DE.CM-06; CSF 2.0 IE DE.CM-06 Ex2,,medium,,,
NIST.DE.CM.09,Computing hardware and software monitoring,critical,NIST.DE.CM.09.TC1,design,The monitoring standard requires endpoint and server monitoring (e.g. EDR or anti-malware) on computing hardware and runtime environments.,logging_monitoring,NIST CSF 2.0 DE.CM-09,,high,,,
NIST.DE.CM.09,Computing hardware and software monitoring,critical,NIST.DE.CM.09.TC2,operating,"An EDR or anti-malware coverage report shows the agent active on all, or a sample of, in-scope endpoints and servers.",logging_monitoring (coverage report),NIST CSF 2.0 DE.CM-09 ('monitored'),,high,,,
NIST.DE.CM.09,Computing hardware and software monitoring,critical,NIST.DE.CM.09.TC3,operating,"Email and web gateways monitor for malware, phishing and data exfiltration, and their alerts were reviewed in the period.",logging_monitoring,NIST CSF 2.0 DE.CM-09; CSF 2.0 IE DE.CM-09 Ex1,,medium,,,
NIST.DE.CM.09,Computing hardware and software monitoring,critical,NIST.DE.CM.09.TC4,operating,Deviations from configuration baselines are detected and reported (e.g. drift alerts or reports in the period).,configuration_baselines; logging_monitoring,NIST CSF 2.0 DE.CM-09; CSF 2.0 IE DE.CM-09 Ex3,,medium,,,
NIST.DE.AE.02,Adverse event analysis,high,NIST.DE.AE.02.TC1,design,A procedure or set of runbooks defines how alerts and potentially adverse events are analysed.,logging_monitoring; breach_procedure,NIST CSF 2.0 DE.AE-02 [repo title 'Event correlation' does not match; correlation is DE.AE-03; the repo description matches DE.AE-02],,high,,,
NIST.DE.AE.02,Adverse event analysis,high,NIST.DE.AE.02.TC2,operating,"Alert tickets from the period record the analysis performed and its conclusion (benign, or escalated).",logging_monitoring (alert tickets),NIST CSF 2.0 DE.AE-02 ('analyzed'),,high,,,
NIST.DE.AE.02,Adverse event analysis,high,NIST.DE.AE.02.TC3,operating,"Logs that are not covered by automated monitoring are reviewed manually on a defined schedule, with review records.",logging_monitoring (manual review log),NIST CSF 2.0 DE.AE-02; CSF 2.0 IE DE.AE-02 Ex3,,medium,,,
NIST.DE.AE.03,Event correlation,high,NIST.DE.AE.03.TC1,design,Correlation rules or detection use cases that combine events from more than one source are configured.,logging_monitoring (SIEM rule list),NIST CSF 2.0 DE.AE-03; CSF 2.0 IE DE.AE-03 Ex2 [repo title 'Event aggregation'; CSF 2.0 outcome is correlation],,high,,,
NIST.DE.AE.03,Event correlation,high,NIST.DE.AE.03.TC2,design,The log sources that feed the central platform are listed and include the critical systems.,logging_monitoring (log source list),NIST CSF 2.0 DE.AE-03; CSF 2.0 IE DE.AE-03 Ex1,,medium,,,
NIST.DE.AE.03,Event correlation,high,NIST.DE.AE.03.TC3,operating,A sample of investigations in the period shows events from several sources (e.g. identity plus endpoint) combined.,logging_monitoring (investigation tickets),NIST CSF 2.0 DE.AE-03 ('correlated'),,medium,,,
NIST.DE.AE.04,Impact estimation,high,NIST.DE.AE.04.TC1,design,"The incident procedure requires the impact and scope of an adverse event (affected systems, data and users) to be estimated.",breach_procedure,NIST CSF 2.0 DE.AE-04,,high,,,
NIST.DE.AE.04,Impact estimation,high,NIST.DE.AE.04.TC2,operating,Alert or incident records from the period state the estimated impact and scope.,incident_log,NIST CSF 2.0 DE.AE-04 ('understood'),,high,,,
NIST.DE.AE.04,Impact estimation,high,NIST.DE.AE.04.TC3,operating,Impact estimates were revised as the investigation progressed (updated records).,incident_log,NIST CSF 2.0 DE.AE-04; CSF 2.0 IE DE.AE-04 Ex1,,medium,,,
NIST.DE.AE.06,Adverse event information distribution,high,NIST.DE.AE.06.TC1,design,A documented flow routes alerts to named responders or the SOC and into response tools (e.g. ticketing).,breach_procedure; logging_monitoring,"NIST CSF 2.0 DE.AE-06; CSF 2.0 IE DE.AE-06 Ex1 [repo title 'Incident declaration' belongs to DE.AE-08; the repo description matches DE.AE-06, and the questionnaire asks about the title]",,medium,,,
NIST.DE.AE.06,Adverse event information distribution,high,NIST.DE.AE.06.TC2,operating,Sampled alerts from the period became tickets (automatically or manually) assigned to an owner.,logging_monitoring (ticket extract),"NIST CSF 2.0 DE.AE-06; CSF 2.0 IE DE.AE-06 Ex3, Ex4",,medium,,,
NIST.DE.AE.06,Adverse event information distribution,high,NIST.DE.AE.06.TC3,operating,Incident responders have access to the log analysis platform (access list or role assignment).,logging_monitoring; access_control_policy,NIST CSF 2.0 DE.AE-06 ('provided to authorized staff'); CSF 2.0 IE DE.AE-06 Ex2,,high,,,
NIST.DE.AE.07,Threat information integration,medium,NIST.DE.AE.07.TC1,design,Threat intelligence feeds (e.g. indicator feeds) are integrated into detection tools.,logging_monitoring (SIEM/EDR integrations; no pack evidence request maps DE.AE.07),NIST CSF 2.0 DE.AE-07; CSF 2.0 IE DE.AE-07 Ex1,,high,,,
NIST.DE.AE.07,Threat information integration,medium,NIST.DE.AE.07.TC2,design,Asset inventory and criticality information is available to analysts within the detection platform.,logging_monitoring; asset_inventory,NIST CSF 2.0 DE.AE-07 ('contextual information'); CSF 2.0 IE DE.AE-07 Ex2,,medium,,,
NIST.DE.AE.07,Threat information integration,medium,NIST.DE.AE.07.TC3,operating,Sampled investigations from the period reference threat intelligence or asset context.,logging_monitoring (investigation tickets),NIST CSF 2.0 DE.AE-07,,medium,,,
NIST.DE.AE.08,Incident declaration,high,NIST.DE.AE.08.TC1,design,Documented incident criteria define when an adverse event becomes a declared incident.,breach_procedure,"NIST CSF 2.0 DE.AE-08 [repo title 'Anomaly detection' does not match; the repo description matches DE.AE-08, and the questionnaire asks about the title]",,medium,,,
NIST.DE.AE.08,Incident declaration,high,NIST.DE.AE.08.TC2,operating,Incident records show when each incident was declared and which criterion it met.,incident_log,NIST CSF 2.0 DE.AE-08 ('declared when ... criteria'),,high,,,
NIST.DE.AE.08,Incident declaration,high,NIST.DE.AE.08.TC3,design,Known false positives are documented and considered when the criteria are applied.,breach_procedure; logging_monitoring,NIST CSF 2.0 DE.AE-08; CSF 2.0 IE DE.AE-08 Ex2,,medium,,,
NIST.RS.MA.01,Incident response plan execution,critical,NIST.RS.MA.01.TC1,design,"An incident response plan exists with roles, phases and contact lists.",breach_procedure,"NIST CSF 2.0 RS.MA-01 (plan presupposed by the outcome; plan establishment itself is ID.IM-04, which the pack omits)",,high,,,
NIST.RS.MA.01,Incident response plan execution,critical,NIST.RS.MA.01.TC2,design,"The plan names the third parties to coordinate with (e.g. incident response retainer, managed security provider, cloud providers, legal counsel) and how to reach them.",breach_procedure,NIST CSF 2.0 RS.MA-01 ('in coordination with relevant third parties'); CSF 2.0 IE RS.MA-01 Ex2,,high,,,
NIST.RS.MA.01,Incident response plan execution,critical,NIST.RS.MA.01.TC3,operating,"Records of incidents in the period show the plan was followed once the incident was declared (incident lead assigned, plan steps logged).",incident_log,NIST CSF 2.0 RS.MA-01 ('executed'); CSF 2.0 IE RS.MA-01 Ex3,,high,,,
NIST.RS.MA.01,Incident response plan execution,critical,NIST.RS.MA.01.TC4,operating,"Where a third party was involved in an incident in the period, the records show the coordination (tickets, messages).",incident_log,NIST CSF 2.0 RS.MA-01,,medium,,,
NIST.RS.MA.02,Incident triage and validation,high,NIST.RS.MA.02.TC1,design,A triage procedure says how incident reports are first reviewed and validated as cybersecurity incidents needing response.,breach_procedure,"NIST CSF 2.0 RS.MA-02; CSF 2.0 IE RS.MA-02 Ex1 [repo title adds 'prioritization', which is RS.MA-03]",,high,,,
NIST.RS.MA.02,Incident triage and validation,high,NIST.RS.MA.02.TC2,design,Criteria for estimating incident severity are defined.,breach_procedure,NIST CSF 2.0 RS.MA-02; CSF 2.0 IE RS.MA-02 Ex2,,medium,,,
NIST.RS.MA.02,Incident triage and validation,high,NIST.RS.MA.02.TC3,operating,Incident report records from the period show the triage outcome (validated or rejected) and when it was made.,incident_log,NIST CSF 2.0 RS.MA-02 ('triaged and validated'),,high,,,
NIST.RS.MA.03,Incident categorization and prioritization,high,NIST.RS.MA.03.TC1,design,"An incident category scheme (e.g. data breach, ransomware, DDoS, account compromise) and prioritisation criteria (scope, impact, urgency) are documented.",breach_procedure,"NIST CSF 2.0 RS.MA-03; CSF 2.0 IE RS.MA-03 Ex1, Ex2",,high,,,
NIST.RS.MA.03,Incident categorization and prioritization,high,NIST.RS.MA.03.TC2,operating,Incident records from the period each carry a category and a priority.,incident_log,NIST CSF 2.0 RS.MA-03,,high,,,
NIST.RS.MA.04,Incident escalation,high,NIST.RS.MA.04.TC1,design,"An escalation matrix states who is escalated to, and when, by severity, including management and external parties.",breach_procedure,NIST CSF 2.0 RS.MA-04; CSF 2.0 IE RS.MA-04 Ex2,,high,,,
NIST.RS.MA.04,Incident escalation,high,NIST.RS.MA.04.TC2,operating,Incident records show higher-severity incidents in the period were escalated as the matrix requires.,incident_log,NIST CSF 2.0 RS.MA-04 ('escalated or elevated'),,high,,,
NIST.RS.MA.04,Incident escalation,high,NIST.RS.MA.04.TC3,operating,The status of every open incident is tracked in a register.,incident_log,NIST CSF 2.0 RS.MA-04; CSF 2.0 IE RS.MA-04 Ex1,,medium,,,
NIST.RS.MA.05,Recovery initiation criteria,medium,NIST.RS.MA.05.TC1,design,Criteria for starting incident recovery are documented in the incident response or recovery plan.,breach_procedure; business_continuity,NIST CSF 2.0 RS.MA-05,,high,,,
NIST.RS.MA.05,Recovery initiation criteria,medium,NIST.RS.MA.05.TC2,operating,Incident records show the decision to begin recovery and the criterion it relied on.,incident_log,NIST CSF 2.0 RS.MA-05 ('applied'); CSF 2.0 IE RS.MA-05 Ex1,,high,,,
NIST.RS.MA.05,Recovery initiation criteria,medium,NIST.RS.MA.05.TC3,design,The recovery-start criteria take into account the operational disruption that recovery itself may cause.,breach_procedure; business_continuity,NIST CSF 2.0 RS.MA-05; CSF 2.0 IE RS.MA-05 Ex2,,medium,,,
NIST.RS.AN.03,Root cause analysis,high,NIST.RS.AN.03.TC1,design,The incident procedure requires root cause analysis for incidents above a defined severity.,breach_procedure,NIST CSF 2.0 RS.AN-03,,high,,,
NIST.RS.AN.03,Root cause analysis,high,NIST.RS.AN.03.TC2,operating,Post-incident reports from the period set out the sequence of events and the root cause.,incident_log (post-incident reports),"NIST CSF 2.0 RS.AN-03; CSF 2.0 IE RS.AN-03 Ex1, Ex3",,high,,,
NIST.RS.AN.03,Root cause analysis,high,NIST.RS.AN.03.TC3,operating,"Where determinable, the analysis names the vulnerabilities and threat actors involved.",incident_log,NIST CSF 2.0 RS.AN-03; CSF 2.0 IE RS.AN-03 Ex2,,medium,,,
NIST.RS.AN.06,Investigation actions,medium,NIST.RS.AN.06.TC1,design,The incident procedure requires responders to record the actions they take during an investigation.,breach_procedure,NIST CSF 2.0 RS.AN-06; CSF 2.0 IE RS.AN-06 Ex1,,high,,,
NIST.RS.AN.06,Investigation actions,medium,NIST.RS.AN.06.TC2,design,"Investigation records are kept where their integrity is protected (restricted access, append-only or audit-trailed).",breach_procedure; incident_log,NIST CSF 2.0 RS.AN-06 ('integrity and provenance are preserved'),,high,,,
NIST.RS.AN.06,Investigation actions,medium,NIST.RS.AN.06.TC3,operating,Sampled incident records contain time-stamped action entries that identify the responder.,incident_log,NIST CSF 2.0 RS.AN-06 ('recorded'),,high,,,
NIST.RS.AN.07,Incident data collection and preservation,high,NIST.RS.AN.07.TC1,design,An evidence collection and chain-of-custody procedure exists.,breach_procedure,NIST CSF 2.0 RS.AN-07; CSF 2.0 IE RS.AN-07 Ex1,,high,,,
NIST.RS.AN.07,Incident data collection and preservation,high,NIST.RS.AN.07.TC2,operating,"Sampled incident records show evidence collected with its metadata (source, time, collector) and an integrity check (e.g. hash) or custody log.",incident_log,NIST CSF 2.0 RS.AN-07,,high,,,
NIST.RS.AN.07,Incident data collection and preservation,high,NIST.RS.AN.07.TC3,design,Storage for incident evidence restricts access to named responders.,breach_procedure; access_control_policy,NIST CSF 2.0 RS.AN-07; practice,,medium,,,
NIST.RS.AN.08,Incident scope estimation,high,NIST.RS.AN.08.TC1,design,The incident procedure requires the magnitude of an incident to be estimated and then validated (e.g. by searching other systems for indicators of compromise).,breach_procedure,NIST CSF 2.0 RS.AN-08; CSF 2.0 IE RS.AN-08 Ex1,,high,,,
NIST.RS.AN.08,Incident scope estimation,high,NIST.RS.AN.08.TC2,operating,Incident records from the period show a magnitude estimate and the validation step taken (e.g. results of an indicator sweep).,incident_log,NIST CSF 2.0 RS.AN-08,,high,,,
NIST.RS.CO.02,Stakeholder incident notification,high,NIST.RS.CO.02.TC1,design,"The incident response plan lists the internal and external parties to notify (e.g. leadership, customers, regulators, law enforcement), with triggers and timelines.",breach_procedure,NIST CSF 2.0 RS.CO-02 [repo title 'Internal stakeholder notification' is narrower; the repo description matches CSF 2.0],,high,,,
NIST.RS.CO.02,Stakeholder incident notification,high,NIST.RS.CO.02.TC2,design,Contractual and regulatory incident-notification obligations are mapped into the plan (e.g. from the legal register).,breach_procedure; legal_register,"NIST CSF 2.0 RS.CO-02; CSF 2.0 IE RS.CO-02 Ex2, Ex3",,medium,,,
NIST.RS.CO.02,Stakeholder incident notification,high,NIST.RS.CO.02.TC3,operating,"For incidents in the period that met notification criteria, records show who was notified and when.",incident_log,NIST CSF 2.0 RS.CO-02 ('notified'),,high,,,
NIST.RS.CO.03,Incident information sharing,medium,NIST.RS.CO.03.TC1,design,"The incident communications plan names who receives incident information and what may be shared with each (need-to-know, sharing agreements).",breach_procedure,NIST CSF 2.0 RS.CO-03 ('designated'); CSF 2.0 IE RS.CO-03 Ex1,,high,,,
NIST.RS.CO.03,Incident information sharing,medium,NIST.RS.CO.03.TC2,operating,Records show leadership received status updates on major incidents in the period.,incident_log; leadership_oversight,NIST CSF 2.0 RS.CO-03; CSF 2.0 IE RS.CO-03 Ex4,,medium,,,
NIST.RS.CO.03,Incident information sharing,medium,NIST.RS.CO.03.TC3,operating,"Information shared externally in the period (e.g. with an ISAC or suppliers) followed the agreed rules (sensitive data removed, per agreement).",incident_log,"NIST CSF 2.0 RS.CO-03; CSF 2.0 IE RS.CO-03 Ex2, Ex5",,medium,,,
NIST.RS.MI.01,Incident containment,critical,NIST.RS.MI.01.TC1,design,"Incident playbooks define containment actions for common incident types (e.g. isolate a host, disable an account, block an address).",breach_procedure,NIST CSF 2.0 RS.MI-01,,high,,,
NIST.RS.MI.01,Incident containment,critical,NIST.RS.MI.01.TC2,design,"Automated containment is configured (e.g. EDR host isolation), or a third party is authorised in writing to contain on the organisation's behalf.",breach_procedure; logging_monitoring,"NIST CSF 2.0 RS.MI-01; CSF 2.0 IE RS.MI-01 Ex1, Ex3",,medium,,,
NIST.RS.MI.01,Incident containment,critical,NIST.RS.MI.01.TC3,operating,Incident records from the period show containment was carried out and when.,incident_log,NIST CSF 2.0 RS.MI-01 ('contained'),,high,,,
NIST.RS.MI.02,Incident eradication,critical,NIST.RS.MI.02.TC1,design,"Incident playbooks define eradication steps (e.g. malware removal, credential reset, rebuild from a clean image).",breach_procedure,NIST CSF 2.0 RS.MI-02,,high,,,
NIST.RS.MI.02,Incident eradication,critical,NIST.RS.MI.02.TC2,operating,Incident records from the period show eradication completed and checked before the incident was closed.,incident_log,NIST CSF 2.0 RS.MI-02 ('eradicated'),,high,,,
NIST.RC.RP.01,Recovery plan execution,critical,NIST.RC.RP.01.TC1,design,"The incident response plan has a recovery section, or points to disaster recovery and continuity plans, that is triggered from the incident response process.",business_continuity; breach_procedure,NIST CSF 2.0 RC.RP-01,,high,,,
NIST.RC.RP.01,Recovery plan execution,critical,NIST.RC.RP.01.TC2,design,Recovery roles and the authorisations each recovery step needs are documented and known to the role holders.,business_continuity,NIST CSF 2.0 RC.RP-01; CSF 2.0 IE RC.RP-01 Ex2,,medium,,,
NIST.RC.RP.01,Recovery plan execution,critical,NIST.RC.RP.01.TC3,operating,Incident records from the period show recovery was started from the incident response process (hand-off recorded).,incident_log; business_continuity,NIST CSF 2.0 RC.RP-01 ('executed once initiated'),,high,,,
NIST.RC.RP.02,Recovery action selection,high,NIST.RC.RP.02.TC1,design,Recovery plans set criteria for selecting and prioritising recovery actions.,business_continuity,NIST CSF 2.0 RC.RP-02; CSF 2.0 IE RC.RP-02 Ex1,,high,,,
NIST.RC.RP.02,Recovery action selection,high,NIST.RC.RP.02.TC2,operating,"Recovery records from the period show the actions selected, their scope and priority, and their completion.",business_continuity; incident_log,NIST CSF 2.0 RC.RP-02,,high,,,
NIST.RC.RP.02,Recovery action selection,high,NIST.RC.RP.02.TC3,operating,A recovery or disaster recovery test in the last 12 months carried out the planned recovery actions.,business_continuity (test results); exercise_records,NIST CSF 2.0 RC.RP-02; practice (test cadence),,medium,,,
NIST.RC.RP.03,Restoration asset integrity verification,high,NIST.RC.RP.03.TC1,design,The recovery procedure requires backups and other restoration assets to be checked for integrity and compromise before use.,backup; business_continuity,NIST CSF 2.0 RC.RP-03; CSF 2.0 IE RC.RP-03 Ex1,,high,,,
NIST.RC.RP.03,Restoration asset integrity verification,high,NIST.RC.RP.03.TC2,operating,"Restore test or recovery records show integrity checks (e.g. malware scan, checksum) on backups before they were restored.",backup (restore test records),NIST CSF 2.0 RC.RP-03 ('verified before using'),,high,,,
NIST.RC.RP.04,Mission function consideration,high,NIST.RC.RP.04.TC1,design,Continuity and recovery plans use a business impact analysis to set the restoration order of critical functions.,business_continuity,NIST CSF 2.0 RC.RP-04 ('critical mission functions ... considered'); CSF 2.0 IE RC.RP-04 Ex1,,high,,,
NIST.RC.RP.04,Mission function consideration,high,NIST.RC.RP.04.TC2,design,"The plan defines how operations run immediately after an incident (e.g. heightened monitoring, temporary controls) with cybersecurity risk taken into account.",business_continuity,NIST CSF 2.0 RC.RP-04 ('post-incident operational norms'; what the norms must contain is not settled by the text),,low,,,
NIST.RC.RP.04,Mission function consideration,high,NIST.RC.RP.04.TC3,operating,Recovery records show restoration followed the priority order and system owners confirmed the return to operations.,business_continuity; incident_log,"NIST CSF 2.0 RC.RP-04; CSF 2.0 IE RC.RP-04 Ex1, Ex2",,medium,,,
NIST.RC.RP.05,Recovery completeness verification,high,NIST.RC.RP.05.TC1,design,The recovery procedure requires restored assets to be checked for integrity and normal status confirmed before return to production.,business_continuity,NIST CSF 2.0 RC.RP-05,,high,,,
NIST.RC.RP.05,Recovery completeness verification,high,NIST.RC.RP.05.TC2,operating,"Recovery records show restored systems were checked (e.g. indicator scan, root cause remediated) and signed off by the owner.",business_continuity; incident_log,"NIST CSF 2.0 RC.RP-05; CSF 2.0 IE RC.RP-05 Ex1, Ex2",,high,,,
NIST.RC.RP.06,End of recovery declaration,medium,NIST.RC.RP.06.TC1,design,Criteria for declaring the end of incident recovery are documented.,business_continuity; breach_procedure,NIST CSF 2.0 RC.RP-06,,high,,,
NIST.RC.RP.06,End of recovery declaration,medium,NIST.RC.RP.06.TC2,operating,"Incident records show the end of recovery was declared, with the date and approver.",incident_log,NIST CSF 2.0 RC.RP-06 ('declared'); CSF 2.0 IE RC.RP-06 Ex2,,high,,,
NIST.RC.RP.06,End of recovery declaration,medium,NIST.RC.RP.06.TC3,operating,An after-action report was completed for each incident in the period that reached recovery.,incident_log (after-action reports),NIST CSF 2.0 RC.RP-06 ('documentation is completed'); CSF 2.0 IE RC.RP-06 Ex1,,high,,,
NIST.RC.CO.03,Recovery activity communication,high,NIST.RC.CO.03.TC1,design,The recovery communication plan names the internal and external stakeholders to update and the channel for each.,business_continuity,NIST CSF 2.0 RC.CO-03 ('designated'),,high,,,
NIST.RC.CO.03,Recovery activity communication,high,NIST.RC.CO.03.TC2,operating,Records show recovery progress updates were given to leadership and designated stakeholders during recoveries in the period.,business_continuity; incident_log,NIST CSF 2.0 RC.CO-03; CSF 2.0 IE RC.CO-03 Ex2,,high,,,
NIST.RC.CO.04,Public update communication,medium,NIST.RC.CO.04.TC1,design,"An approved procedure governs public statements about incident recovery (spokesperson, approval step, templates).",business_continuity,NIST CSF 2.0 RC.CO-04 ('approved methods and messaging'),,high,,,
NIST.RC.CO.04,Public update communication,medium,NIST.RC.CO.04.TC2,operating,Every public statement on incident recovery issued in the period was approved under the procedure.,business_continuity; incident_log,NIST CSF 2.0 RC.CO-04,,high,,,
NIST.RC.CO.04,Public update communication,medium,NIST.RC.CO.04.TC3,design,The public-update procedure is linked to the breach notification procedure.,business_continuity; breach_procedure,NIST CSF 2.0 RC.CO-04; CSF 2.0 IE RC.CO-04 Ex1,,medium,,,
